{
  "project_info": {
    "project_number": "787467832440",
    "firebase_url": "https://errormessageapp.firebaseio.com",
    "project_id": "errormessageapp",
    "storage_bucket": "errormessageapp.appspot.com"
  },
  "client": [
    {
      "client_info": {
        "mobilesdk_app_id": "1:787467832440:android:c00b2573feab49bb",
        "android_client_info": {
          "package_name": "com.example.developer.testfirebasecloudmessaging"
        }
      },
      "oauth_client": [
        {
          "client_id": "787467832440-77lnt8uoo5iriih0pqkha87l0btnbv2s.apps.googleusercontent.com",
          "client_type": 1,
          "android_info": {
            "package_name": "com.example.developer.testfirebasecloudmessaging",
            "certificate_hash": "4183bd49c598e103a0dff08fbe873fee2ef8dd35"
          }
        },
        {
          "client_id": "787467832440-qelsqntoncdrg3m3v3von7vfhp4rp9vs.apps.googleusercontent.com",
          "client_type": 3
        }
      ],
      "api_key": [
        {
          "current_key": "AIzaSyD3sMbFc7dE_FUJpGwxAgN8T2CzeBErO1w"
        }
      ],
      "services": {
        "analytics_service": {
          "status": 1
        },
        "appinvite_service": {
          "status": 2,
          "other_platform_oauth_client": [
            {
              "client_id": "787467832440-qelsqntoncdrg3m3v3von7vfhp4rp9vs.apps.googleusercontent.com",
              "client_type": 3
            }
          ]
        },
        "ads_service": {
          "status": 2
        }
      }
    }
  ],
  "configuration_version": "1"
}